trade_id,trade_date,currency_pair,side,notional,entry_price,book
T001,2026-03-16,EURUSD,SELL,25000000,1.14303,Macro
T002,2026-04-21,USDJPY,SELL,20000000,158.711,Macro
T003,2026-05-11,GBPUSD,SELL,15000000,1.35996,Relative Value
T004,2026-06-02,AUDUSD,BUY,20000000,0.71569,Commodity FX
T005,2026-06-18,USDCAD,BUY,18000000,1.41010,Commodity FX
T006,2026-07-07,EURGBP,BUY,12000000,0.85372,Relative Value
T007,2026-07-22,USDMXN,SELL,10000000,17.3849,EM Carry
T008,2026-08-12,AUDNZD,BUY,15000000,1.20138,Relative Value
T009,2026-08-27,USDCHF,BUY,12000000,0.80416,Macro
T010,2026-09-03,EURUSD,BUY,10000000,1.15835,Macro
T011,2026-09-09,EURNOK,SELL,8000000,10.7051,Relative Value
T012,2026-09-17,USDZAR,SELL,6000000,16.3603,EM Carry
T013,2026-09-24,USDSEK,BUY,10000000,9.9133,Relative Value
T014,2026-09-29,EURUSD,SELL,5000000,1.13816,Macro
T015,2026-10-01,EURJPY,BUY,10000000,178.308,Macro
T016,2026-10-02,USDSGD,SELL,15000000,1.27915,EM Carry